{"summary":{"total":{"sloc":14969,"maintainability":63.861717980201675},"average":{"sloc":14969,"maintainability":"63.86"}},"reports":[{"info":{"file":"all_2377173.js","fileShort":"all_2377173.js","fileSafe":"all_2377173_js","link":"files/all_2377173_js/index.html"},"jshint":{"messages":51},"complexity":{"aggregate":{"line":1,"complexity":{"sloc":{"physical":14969,"logical":12200},"cyclomatic":3459,"halstead":{"operators":{"distinct":57,"total":40730,"identifiers":["__stripped__"]},"operands":{"distinct":4254,"total":49373,"identifiers":["__stripped__"]},"length":90103,"vocabulary":4311,"difficulty":330.77820874471087,"volume":1087886.2183513239,"effort":359849054.6243083,"bugs":362.6287394504413,"time":19991614.145794906}}},"module":"all_2377173.js","maintainability":63.861717980201675}}]}